index,id,country,genus,species,lat,lon,date,upper,lower
1164,KNM-WT_38351,Kenya,Australopithecus,aethiopicus,3.90000,35.77000,2.985,3.440,2.530
707,EP_1500/01,Tanzania,Australopithecus,aethiopicus,-3.21773,35.19144,2.660,2.676,2.644
1385,L51-79,Ethiopia,Australopithecus,aethiopicus,5.04094,36.01433,2.635,2.740,2.530
1133,KNM-WT_17000,Kenya,Australopithecus,aethiopicus,3.90000,35.77000,2.530,2.550,2.510
1374,L50-2,Ethiopia,Australopithecus,aethiopicus,5.04094,36.01433,2.530,2.530,2.530
1320,L296-1,Ethiopia,Australopithecus,aethiopicus,5.04094,36.01433,2.487,2.530,2.443
1131,KNM-WT_16005,Kenya,Australopithecus,aethiopicus,3.86700,35.75600,2.450,2.500,2.400
1418,L64-2,Ethiopia,Australopithecus,aethiopicus,5.04094,36.01433,2.422,2.443,2.400
1269,L10-21,Ethiopia,Australopithecus,aethiopicus,5.04094,36.01433,2.362,2.400,2.324
1737,OMO_57-68-41,Ethiopia,Australopithecus,aethiopicus,5.00528,36.00806,2.362,2.400,2.324
1345,L398-120,Ethiopia,Australopithecus,aethiopicus,5.04094,36.01433,2.324,2.324,2.324
1301,L209-17,Ethiopia,Australopithecus,aethiopicus,5.04094,36.01433,2.315,2.400,2.270
717,F22-1,Ethiopia,Australopithecus,aethiopicus,5.04094,36.01433,2.297,2.324,2.270
1362,L420-15,Ethiopia,Australopithecus,aethiopicus,5.04094,36.01433,2.277,2.324,2.230
724,FJ-4-SB-1,Ethiopia,Australopithecus,afarensis,4.61833,36.45139,4.090,4.180,4.000
544,BEL-VP-1/1,Ethiopia,Australopithecus,afarensis,10.47870,40.56903,3.950,4.000,3.900
1242,L_H_10,Tanzania,Australopithecus,afarensis,-3.21773,35.19144,3.810,3.850,3.600
708,EP_162/00,Tanzania,Australopithecus,afarensis,-3.20303,35.21436,3.725,3.850,3.600
709,EP_2038/03,Tanzania,Australopithecus,afarensis,-3.21583,35.20333,3.725,3.850,3.600
728,Garusi_I,Tanzania,Australopithecus,afarensis,-3.21773,35.19144,3.725,3.850,3.600
1246,L_H_14,Tanzania,Australopithecus,afarensis,-3.21773,35.19144,3.700,3.850,3.600
1194,KSD-VP-1/52,Ethiopia,Australopithecus,afarensis,11.48425,40.51306,3.680,3.760,3.600
1193,KSD-VP-1/39,Ethiopia,Australopithecus,afarensis,11.48425,40.51306,3.608,3.625,3.590
1192,KSD-VP-1/1,Ethiopia,Australopithecus,afarensis,11.48167,40.51092,3.600,3.570,3.570
1497,MKM-VP-1/626,Ethiopia,Australopithecus,afarensis,11.51011,40.51969,3.589,3.597,3.580
1123,KNM-RK_53000,Kenya,Australopithecus,afarensis,-1.39100,36.72400,3.450,3.500,3.400
15,A_L_137-50,Ethiopia,Australopithecus,afarensis,11.11470,40.58744,3.400,3.420,3.360
41,A_L_237-3,Ethiopia,Australopithecus,afarensis,11.12014,40.59540,3.400,3.420,3.360
1479,MAK-VP-_1/1,Ethiopia,Australopithecus,afarensis,10.47870,40.56903,3.400,3.400,3.400
8,A_L_125-11,Ethiopia,Australopithecus,afarensis,11.12014,40.59540,3.390,3.420,3.360
10,A_L_128-1,Ethiopia,Australopithecus,afarensis,11.11433,40.58845,3.390,3.420,3.360
26,A_L_198-1,Ethiopia,Australopithecus,afarensis,11.10493,40.57751,3.390,3.420,3.360
29,A_L_198-22,Ethiopia,Australopithecus,afarensis,11.12014,40.59540,3.390,3.420,3.360
30,A_L_199-1,Ethiopia,Australopithecus,afarensis,11.10554,40.57898,3.390,3.420,3.360
37,A_L_224-9,Ethiopia,Australopithecus,afarensis,11.12014,40.59540,3.390,3.420,3.360
43,A_L_249-26,Ethiopia,Australopithecus,afarensis,11.11464,40.58598,3.390,3.420,3.360
1138,KNM-WT_22936,Kenya,Australopithecus,afarensis,3.08333,35.83333,3.390,3.580,3.200
895,KNM-ER_2602,Kenya,Australopithecus,afarensis,4.08953,36.31012,3.380,3.440,3.320
1457,LDD-VP-1/1065,Ethiopia,Australopithecus,afarensis,11.42000,40.56000,3.370,3.410,3.330
14,A_L_137-48,Ethiopia,Australopithecus,afarensis,11.11470,40.58744,3.360,3.420,3.300
22,A_L_166-9,Ethiopia,Australopithecus,afarensis,11.11542,40.59136,3.360,3.420,3.300
25,A_L_1920-1,Ethiopia,Australopithecus,afarensis,11.12014,40.59540,3.360,3.420,3.300
46,A_L_277-1,Ethiopia,Australopithecus,afarensis,11.09150,40.59220,3.360,3.420,3.300
299,A_L_400-1,Ethiopia,Australopithecus,afarensis,11.09388,40.59146,3.360,3.420,3.300
300,A_L_411-1,Ethiopia,Australopithecus,afarensis,11.09933,40.60740,3.360,3.420,3.300
342,A_L_466-1,Ethiopia,Australopithecus,afarensis,11.12014,40.59540,3.360,3.420,3.300
5,A_L_1045-1,Ethiopia,Australopithecus,afarensis,11.12014,40.59540,3.350,3.800,2.900
7,A_L_1180-1,Ethiopia,Australopithecus,afarensis,11.12014,40.59540,3.338,3.420,3.256
36,A_L_223-23,Ethiopia,Australopithecus,afarensis,11.12014,40.59540,3.330,3.360,3.300
39,A_L_228-1,Ethiopia,Australopithecus,afarensis,11.10374,40.57810,3.330,3.360,3.300
45,A_L_266-1,Ethiopia,Australopithecus,afarensis,11.12906,40.59745,3.330,3.360,3.300
50,A_L_311-1,Ethiopia,Australopithecus,afarensis,11.10315,40.57371,3.330,3.360,3.300
582,DIK-1-1,Ethiopia,Australopithecus,afarensis,11.09404,40.60420,3.330,3.350,3.310
350,A_L_604-1,Ethiopia,Australopithecus,afarensis,11.12014,40.59540,3.310,3.420,3.200
53,A_L_330-5,Ethiopia,Australopithecus,afarensis,11.12014,40.59540,3.308,3.360,3.256
34,A_L_211-1,Ethiopia,Australopithecus,afarensis,11.12880,40.60195,3.278,3.300,3.256
1549,NFR-VP-1/29,Ethiopia,Australopithecus,afarensis,11.46219,40.52806,3.269,3.330,3.207
33,A_L_207-17,Ethiopia,Australopithecus,afarensis,11.11458,40.57125,3.256,3.256,3.256
3,A_L_1030-1,Ethiopia,Australopithecus,afarensis,11.12014,40.59540,3.228,3.256,3.200
20,A_L_161-40,Ethiopia,Australopithecus,afarensis,11.13151,40.60369,3.228,3.256,3.200
21,A_L_162-28,Ethiopia,Australopithecus,afarensis,11.13363,40.60143,3.228,3.256,3.200
23,A_L_176-35,Ethiopia,Australopithecus,afarensis,11.12014,40.59540,3.228,3.256,3.200
24,A_L_188-1,Ethiopia,Australopithecus,afarensis,11.13526,40.60425,3.228,3.256,3.200
32,A_L_207-13,Ethiopia,Australopithecus,afarensis,11.11458,40.57125,3.228,3.256,3.200
42,A_L_241-14,Ethiopia,Australopithecus,afarensis,11.11365,40.56855,3.228,3.256,3.200
56,A_L_333-1,Ethiopia,Australopithecus,afarensis,11.12605,40.57866,3.228,3.256,3.200
297,A_L_366-1,Ethiopia,Australopithecus,afarensis,11.13299,40.62022,3.228,3.256,3.200
298,A_L_388-1,Ethiopia,Australopithecus,afarensis,11.13758,40.62347,3.228,3.256,3.200
348,A_L_58-22,Ethiopia,Australopithecus,afarensis,11.13686,40.59394,3.228,3.256,3.200
4,A_L_1044-1,Ethiopia,Australopithecus,afarensis,11.12014,40.59540,3.200,3.256,3.200
47,A_L_288-1,Ethiopia,Australopithecus,afarensis,11.13269,40.60211,3.200,3.200,3.120
54,A_L_330-6,Ethiopia,Australopithecus,afarensis,11.12014,40.59540,3.200,3.256,3.200
358,A_L_701-1,Ethiopia,Australopithecus,afarensis,11.12014,40.59540,3.188,3.256,3.120
369,A_L_822-1,Ethiopia,Australopithecus,afarensis,11.12014,40.59540,3.160,3.200,3.120
370,A_L_827-1,Ethiopia,Australopithecus,afarensis,11.12014,40.59540,3.100,3.200,3.100
309,A_L_437-1,Ethiopia,Australopithecus,afarensis,11.12014,40.59540,3.080,3.200,2.960
346,A_L_557-1,Ethiopia,Australopithecus,afarensis,11.12014,40.59540,3.050,3.200,2.900
359,A_L_724-1,Ethiopia,Australopithecus,afarensis,11.12014,40.59540,3.035,3.120,2.950
18,A_L_1515-1,Ethiopia,Australopithecus,afarensis,11.12014,40.59540,3.030,3.120,2.940
2,A_L_1017-1,Ethiopia,Australopithecus,afarensis,11.12014,40.59540,3.010,3.120,2.900
311,A_L_438-1,Ethiopia,Australopithecus,afarensis,11.12014,40.59540,3.000,3.120,2.950
583,DIK-2-1,Ethiopia,Australopithecus,afarensis,11.08035,40.58212,3.400,3.400,3.400
2556,StW_578,South_Africa,Australopithecus,africanus,-26.01600,27.73400,3.890,4.020,3.760
1498,MLC_1,South_Africa,Australopithecus,africanus,-24.20000,28.95000,2.805,3.030,2.580
2681,TA_1,South_Africa,Australopithecus,africanus,-27.61594,24.63530,2.805,3.030,2.580
2551,StW_573,South_Africa,Australopithecus,africanus,-26.01600,27.73400,2.700,2.800,2.600
1380,L51-40,Ethiopia,Australopithecus,africanus,5.04094,36.01433,2.635,2.740,2.530
2138,STS_10,South_Africa,Australopithecus,africanus,-26.01600,27.73400,2.340,2.610,2.070
2524,StW_53_+_StW_94,South_Africa,Australopithecus,africanus,-26.01600,27.73400,2.300,2.600,2.000
2213,STS_9,South_Africa,Australopithecus,africanus,-26.01600,27.73400,2.290,2.610,1.970
1776,SE_1579,South_Africa,Australopithecus,africanus,-26.01600,27.73400,2.180,2.390,1.970
1691,OMO_323-76-900,Ethiopia,Australopithecus,africanus,5.04094,36.01433,2.110,2.120,2.100
980,KNM-ER_63000,Kenya,Australopithecus,anamensis,4.41150,36.34550,4.300,4.390,4.300
435,ARA-VP-14/1,Ethiopia,Australopithecus,anamensis,10.51587,40.44994,4.180,4.320,4.040
1037,KNM-KP_271,Kenya,Australopithecus,anamensis,2.31667,36.06667,4.152,4.195,4.108
1113,KNM-KP_77321,Kenya,Australopithecus,anamensis,2.31667,36.06667,4.152,4.195,4.108
482,ASI-VP-2/1,Ethiopia,Australopithecus,anamensis,10.42630,40.39043,4.150,4.200,4.100
883,KNM-ER_25234,Kenya,Australopithecus,anamensis,3.62157,36.24848,4.135,4.300,3.970
861,KNM-ER_18536,Kenya,Australopithecus,anamensis,3.63333,36.26667,3.900,3.900,3.900
1543,MRD-VP-1/1,Ethiopia,Australopithecus,anamensis,11.54986,40.46517,3.800,3.800,3.800
1544,MSD-VP-5/16,Ethiopia,Australopithecus,anamensis,11.51277,40.49591,3.710,3.760,3.660
1195,KT12/H1,Chad,Australopithecus,bahrelghazali,16.00583,18.87611,3.580,3.850,3.310
1129,KNM-WT_16002,Kenya,Paranthropus,boisei,3.90000,35.77000,2.700,3.000,2.400
748,HCRP_RC_911,Malawi,Paranthropus,boisei,-10.20000,33.60000,2.400,2.500,2.300
1361,L40-19,Ethiopia,Paranthropus,boisei,5.04094,36.01433,2.362,2.400,2.324
1186,KNM-WT_64910,Kenya,Paranthropus,boisei,4.00254,35.79375,2.250,2.270,2.230
1407,L628-1,Ethiopia,Paranthropus,boisei,5.04094,36.01433,2.188,2.188,2.188
1422,L-7-125,Ethiopia,Paranthropus,boisei,5.04094,36.01434,2.137,2.140,2.133
1363,L427-7,Ethiopia,Paranthropus,boisei,5.04094,36.01433,2.120,2.120,2.120
1423,L726-11,Ethiopia,Paranthropus,boisei,5.04094,36.01433,2.110,2.120,2.100
1166,KNM-WT_38353,Kenya,Paranthropus,boisei,3.90000,35.77000,2.100,2.330,1.870
721,FJ-1-Hd2,Ethiopia,Paranthropus,boisei,4.50111,36.33389,2.095,2.230,1.960
797,KNM-ER_1469,Kenya,Paranthropus,boisei,4.15414,36.39709,1.965,1.980,1.950
927,KNM-ER_3729,Kenya,Paranthropus,boisei,3.94442,36.24944,1.925,1.980,1.870
928,KNM-ER_3731,Kenya,Paranthropus,boisei,4.03906,36.37137,1.925,1.980,1.870
812,KNM-ER_1500,Kenya,Paranthropus,boisei,4.18033,36.40231,1.900,1.900,1.900
960,KNM-ER_45510,Kenya,Paranthropus,boisei,3.86889,36.36177,1.900,1.900,1.900
981,KNM-ER_64037,Kenya,Paranthropus,boisei,4.15414,36.39709,1.885,1.900,1.870
884,KNM-ER_25520,Kenya,Paranthropus,boisei,4.26935,36.23925,1.850,1.900,1.800
1592,OH5,Tanzania,Paranthropus,boisei,-2.99182,35.34507,1.842,1.845,1.839
1624,OH84,Tanzania,Paranthropus,boisei,-2.99268,35.35232,1.840,1.840,1.840
1589,OH46,Tanzania,Paranthropus,boisei,-2.98813,35.34823,1.834,1.848,1.820
1618,OH74,Tanzania,Paranthropus,boisei,-2.99034,35.34933,1.825,1.848,1.802
973,KNM-ER_6020,Kenya,Paranthropus,boisei,4.42707,36.35398,1.800,1.800,1.800
1140,KNM-WT_37100,Kenya,Paranthropus,boisei,4.01972,35.77556,1.790,1.810,1.770
840,KNM-ER_1804,Kenya,Paranthropus,boisei,3.98128,36.31830,1.780,1.780,1.780
1022,KNM-ER_810,Kenya,Paranthropus,boisei,3.98128,36.31830,1.770,1.880,1.560
1135,KNM-WT_17400,Kenya,Paranthropus,boisei,4.05694,35.76556,1.770,1.870,1.670
842,KNM-ER_1806,Kenya,Paranthropus,boisei,4.18194,36.42944,1.760,1.760,1.760
1567,OH26,Tanzania,Paranthropus,boisei,-2.98994,35.34844,1.751,1.802,1.700
1571,OH30,Tanzania,Paranthropus,boisei,-2.99048,35.34973,1.751,1.802,1.700
1572,OH30B,Tanzania,Paranthropus,boisei,-2.99042,35.34972,1.751,1.802,1.700
1607,OH64,Tanzania,Paranthropus,boisei,-2.99453,35.35126,1.751,1.802,1.700
833,KNM-ER_16841,Kenya,Paranthropus,boisei,3.92409,36.31533,1.735,1.870,1.600
1564,OH20,Tanzania,Paranthropus,boisei,-2.99453,35.35126,1.732,1.800,1.664
789,KNM-ER_13750,Kenya,Paranthropus,boisei,4.06463,36.36836,1.720,1.880,1.560
792,KNM-ER_1464,Kenya,Paranthropus,boisei,4.28351,36.23593,1.720,1.880,1.560
821,KNM-ER_1509,Kenya,Paranthropus,boisei,3.92409,36.31533,1.720,1.880,1.560
827,KNM-ER_15930,Kenya,Paranthropus,boisei,3.98128,36.31830,1.720,1.880,1.560
854,KNM-ER_1819,Kenya,Paranthropus,boisei,4.30332,36.26387,1.720,1.880,1.560
855,KNM-ER_1820,Kenya,Paranthropus,boisei,3.90715,36.23212,1.720,1.880,1.560
900,KNM-ER_2607,Kenya,Paranthropus,boisei,4.06463,36.36836,1.720,1.880,1.560
912,KNM-ER_3229,Kenya,Paranthropus,boisei,3.94442,36.24944,1.720,1.880,1.560
948,KNM-ER_3954,Kenya,Paranthropus,boisei,3.90672,36.37759,1.720,1.880,1.560
954,KNM-ER_407,Kenya,Paranthropus,boisei,4.29518,36.31628,1.720,1.880,1.560
1134,KNM-WT_17396,Kenya,Paranthropus,boisei,4.01972,35.77556,1.720,1.790,1.650
784,KNM-CH_1,Kenya,Paranthropus,boisei,0.65000,36.20000,1.700,2.000,1.420
953,KNM-ER_406,Kenya,Paranthropus,boisei,4.29518,36.31628,1.700,1.700,1.700
824,KNM-ER_1591,Kenya,Paranthropus,boisei,4.27064,36.30877,1.680,1.870,1.490
1574,OH32,Tanzania,Paranthropus,boisei,-3.00478,35.34234,1.642,1.803,1.480
963,KNM-ER_5429,Kenya,Paranthropus,boisei,3.92409,36.31533,1.620,1.700,1.540
1718,OMO_352-10086,Ethiopia,Paranthropus,boisei,5.04094,36.01433,1.607,1.607,1.607
974,KNM-ER_6080,Kenya,Paranthropus,boisei,4.25597,36.28163,1.600,1.650,1.550
990,KNM-ER_726,Kenya,Paranthropus,boisei,4.29642,36.29209,1.600,1.650,1.550
1030,KNM-ER_818,Kenya,Paranthropus,boisei,4.28351,36.23593,1.600,1.650,1.550
787,KNM-ER_1170,Kenya,Paranthropus,boisei,4.28351,36.23593,1.580,1.600,1.560
913,KNM-ER_3230,Kenya,Paranthropus,boisei,4.15414,36.39709,1.580,1.600,1.560
1004,KNM-ER_740,Kenya,Paranthropus,boisei,4.30332,36.26386,1.570,1.650,1.490
959,KNM-ER_42801,Kenya,Paranthropus,boisei,4.23910,36.27694,1.550,1.540,1.560
951,KNM-ER_404,Kenya,Paranthropus,boisei,4.23304,36.26339,1.520,1.550,1.490
961,KNM-ER_47000,Kenya,Paranthropus,boisei,4.31222,36.27111,1.520,1.530,1.510
986,KNM-ER_725,Kenya,Paranthropus,boisei,4.30583,36.27471,1.520,1.550,1.490
993,KNM-ER_729,Kenya,Paranthropus,boisei,4.26804,36.29138,1.520,1.550,1.490
1017,KNM-ER_805,Kenya,Paranthropus,boisei,4.30583,36.27471,1.520,1.550,1.490
1722,OMO_362-10001,Ethiopia,Paranthropus,boisei,4.84800,35.94500,1.485,1.499,1.471
795,KNM-ER_1467,Kenya,Paranthropus,boisei,4.30332,36.26386,1.470,1.560,1.380
796,KNM-ER_1468,Kenya,Paranthropus,boisei,4.29642,36.29209,1.470,1.560,1.380
829,KNM-ER_15950,Kenya,Paranthropus,boisei,4.26804,36.29138,1.470,1.560,1.380
938,KNM-ER_3887,Kenya,Paranthropus,boisei,4.30583,36.27471,1.470,1.560,1.380
716,F203-1,Ethiopia,Paranthropus,boisei,5.04094,36.01433,1.433,1.485,1.380
764,KGA10-1455,Ethiopia,Paranthropus,boisei,5.40901,37.38173,1.420,1.430,1.410
958,KNM-ER_42709,Kenya,Paranthropus,boisei,4.29386,36.24587,1.400,1.420,1.380
1621,OH80,Tanzania,Paranthropus,boisei,-2.99601,35.32445,1.340,1.340,1.340
1578,OH36,Tanzania,Paranthropus,boisei,-2.99474,35.33558,1.300,1.480,0.780
1580,OH38,Tanzania,Paranthropus,boisei,-2.99474,35.33558,1.300,1.480,0.780
1570,OH3,Tanzania,Paranthropus,boisei,-2.99601,35.32445,1.060,1.339,0.780
1552,NMT-W64-160,Tanzania,Paranthropus,boisei,2.27717,35.93195,1.300,1.300,1.300
1604,OH60,Tanzania,Paranthropus,boisei,-2.98933,35.34841,1.802,1.802,1.802
1609,OH66,Tanzania,Paranthropus,boisei,-2.98990,35.34832,1.802,1.802,1.802
567,BRT-VP-3/1,Ethiopia,Australopithecus,deyiremeda,11.46219,40.52806,3.533,3.596,3.469
2759,WYT-VP-2/10,Ethiopia,Australopithecus,deyiremeda,11.46219,40.52806,3.400,3.469,3.330
1825,SK_1896,South_Africa,Homo,erectus,-26.01730,27.72300,2.220,2.310,2.130
611,DNH_134,South_Africa,Homo,erectus,-25.98500,27.71000,1.995,2.040,1.950
848,KNM-ER_1812,Kenya,Homo,erectus,3.98128,36.31830,1.750,1.900,1.600
819,KNM-ER_1507,Kenya,Homo,erectus,3.94084,36.39156,1.725,1.850,1.600
832,KNM-ER_1648,Kenya,Homo,erectus,4.10098,36.39330,1.720,1.880,1.560
1496,MK_81_GAR_IVE_0043,Ethiopia,Homo,erectus,8.70650,38.59810,1.719,1.918,1.520
844,KNM-ER_1808,Kenya,Homo,erectus,3.90715,36.23212,1.700,1.800,1.600
930,KNM-ER_3733,Kenya,Homo,erectus,3.98128,36.31830,1.630,1.630,1.630
856,KNM-ER_1821,Kenya,Homo,erectus,3.86889,36.36177,1.615,1.700,1.533
962,KNM-ER_5428,Kenya,Homo,erectus,3.92409,36.31533,1.600,1.600,1.600
956,KNM-ER_42700,Kenya,Homo,erectus,4.30583,36.27471,1.570,1.610,1.530
1128,KNM-WT_16001,Kenya,Homo,erectus,4.13200,35.87700,1.570,1.620,1.520
580,DAN5/P1,Ethiopia,Homo,erectus,11.08984,40.51943,1.550,1.600,1.500
935,KNM-ER_3883,Kenya,Homo,erectus,4.30583,36.27471,1.550,1.600,1.500
1127,KNM-WT_15000,Kenya,Homo,erectus,4.13200,35.87700,1.535,1.560,1.510
1016,KNM-ER_803,Kenya,Homo,erectus,4.26804,36.29138,1.530,1.530,1.530
1622,OH81,Tanzania,Homo,erectus,-2.99820,35.33090,1.500,1.500,1.500
1018,KNM-ER_806,Kenya,Homo,erectus,4.26804,36.29138,1.490,1.560,1.380
1032,KNM-ER_820,Kenya,Homo,erectus,4.30583,36.27471,1.490,1.560,1.380
1033,KNM-ER_992,Kenya,Homo,erectus,4.30332,36.26386,1.490,1.560,1.380
943,KNM-ER_3892,Kenya,Homo,erectus,3.90715,36.23212,1.480,1.530,1.430
794,KNM-ER_1466,Kenya,Homo,erectus,4.26935,36.23925,1.470,1.560,1.380
888,KNM-ER_2595,Kenya,Homo,erectus,4.31268,36.26935,1.470,1.560,1.380
1153,KNM-WT_38340,Kenya,Homo,erectus,4.13200,35.87700,1.455,1.610,1.300
777,KGA4-14,Ethiopia,Homo,erectus,5.42421,37.41772,1.450,1.580,1.450
995,KNM-ER_731,Kenya,Homo,erectus,4.26935,36.23925,1.440,1.560,1.380
1770,P996-17,Ethiopia,Homo,erectus,5.04094,36.01433,1.433,1.485,1.380
763,KGA10-1,Ethiopia,Homo,erectus,5.40901,37.38173,1.420,1.440,1.410
775,KGA11-350,Ethiopia,Homo,erectus,5.42292,37.39861,1.420,1.430,1.410
779,KGA8-150,Ethiopia,Homo,erectus,5.40820,37.36429,1.360,1.410,1.310
1804,SK_15,South_Africa,Homo,erectus,-26.01730,27.72300,1.360,1.650,1.070
778,KGA7-395,Ethiopia,Homo,erectus,5.40108,37.35671,1.310,1.410,1.310
570,BSN12/P1,Ethiopia,Homo,erectus,11.07279,40.46975,1.250,1.300,1.200
776,KGA12-970,Ethiopia,Homo,erectus,5.42326,37.38260,1.250,1.410,1.410
1726,OMO_383-10124,Ethiopia,Homo,erectus,5.04094,36.01433,1.215,1.380,1.050
571,BSN49/P27,Ethiopia,Homo,erectus,11.07551,40.47585,1.150,1.400,0.900
1594,OH51,Tanzania,Homo,erectus,-2.99399,35.31866,1.090,1.399,0.780
1569,OH29,Tanzania,Homo,erectus,-2.98589,35.36890,1.060,1.339,0.780
1628,OH9,Tanzania,Homo,erectus,-2.99008,35.34357,1.060,1.339,0.780
1137,KNM-WT_19700,Kenya,Homo,erectus,4.06193,35.88145,1.000,1.150,0.850
1472,MA_14,Eritrea,Homo,erectus,14.82000,39.84000,1.000,1.072,0.998
554,BOU-VP-2/66,Ethiopia,Homo,erectus,10.26667,40.55417,0.921,1.042,0.800
891,KNM-ER_2598,Kenya,Homo,erectus,4.26984,36.33848,1.855,1.855,1.855
2639,StW_80,South_Africa,Homo,ergaster,-26.01600,27.73400,2.180,2.390,1.970
1142,KNM-WT_37745,Kenya,Homo,ergaster,4.32000,35.79000,1.750,1.800,1.700
732,Gombore_IB-7594,Ethiopia,Homo,ergaster,8.70581,38.60133,1.719,1.918,1.520
2691,Tighennif_1,Algeria,Homo,ergaster,35.41528,0.32139,1.000,1.070,0.990
549,BOU-VP-12/130,Ethiopia,Australopithecus,garhi,10.26033,40.56408,2.473,2.496,2.450
355,A_L_666-1,Ethiopia,Homo,habilis,11.09120,40.33120,2.353,2.360,2.330
1754,OMO_75-69-15,Ethiopia,Homo,habilis,5.04094,36.01433,2.230,2.270,2.190
1756,OMO_75-70-1255,Ethiopia,Homo,habilis,5.04094,36.01433,2.188,2.188,2.188
1685,OMO_29-1968-43,Ethiopia,Homo,habilis,5.04094,36.01433,2.115,2.230,2.000
1656,OMO_1-69-17,Ethiopia,Homo,habilis,5.04094,36.01433,2.110,2.120,2.100
838,KNM-ER_1802,Kenya,Homo,habilis,4.15414,36.39709,2.035,2.090,1.980
720,FJ-1-Hd1,Ethiopia,Homo,habilis,4.50111,36.33389,1.950,2.000,1.900
932,KNM-ER_3735,Kenya,Homo,habilis,4.04698,36.32705,1.925,1.980,1.870
1449,L894-1,Ethiopia,Homo,habilis,5.04094,36.01433,1.905,1.910,1.900
1566,OH24,Tanzania,Homo,habilis,-2.98111,35.37812,1.863,1.877,1.848
1599,OH56,Tanzania,Homo,habilis,-2.98741,35.37573,1.863,1.877,1.848
1577,OH35,Tanzania,Homo,habilis,-2.98960,35.34880,1.842,1.845,1.839
1613,OH7,Tanzania,Homo,habilis,-2.98794,35.34823,1.842,1.845,1.839
1619,OH7x,Tanzania,Homo,habilis,-2.98813,35.34816,1.842,1.845,1.839
1575,OH33,Tanzania,Homo,habilis,-2.98751,35.34829,1.834,1.848,1.820
1603,OH6,Tanzania,Homo,habilis,-2.98953,35.34874,1.834,1.848,1.820
1573,OH31,Tanzania,Homo,habilis,-2.99415,35.35345,1.825,1.848,1.802
1581,OH39,Tanzania,Homo,habilis,-2.99588,35.35441,1.825,1.848,1.802
1608,OH65,Tanzania,Homo,habilis,-2.95483,35.24619,1.820,1.820,1.820
1752,OMO_74-1969-18,Ethiopia,Homo,habilis,5.04094,36.01433,1.792,1.843,1.740
849,KNM-ER_1813,Kenya,Homo,habilis,3.98128,36.31830,1.775,1.900,1.650
1568,OH27,Tanzania,Homo,habilis,-2.99588,35.35441,1.774,1.848,1.700
841,KNM-ER_1805,Kenya,Homo,habilis,4.18194,36.42944,1.760,1.760,1.760
1612,OH69,Tanzania,Homo,habilis,-2.99508,35.35802,1.751,1.802,1.700
1560,OH13,Tanzania,Homo,habilis,-2.99563,35.34189,1.670,1.670,1.670
1579,OH37,Tanzania,Homo,habilis,-2.99207,35.35065,1.670,1.700,1.664
1583,OH40,Tanzania,Homo,habilis,-2.99179,35.35033,1.670,1.700,1.664
1584,OH41,Tanzania,Homo,habilis,-2.99488,35.35542,1.670,1.700,1.664
1600,OH57,Tanzania,Homo,habilis,-2.99657,35.35352,1.670,1.700,1.664
939,KNM-ER_3888,Kenya,Homo,habilis,4.30583,36.27471,1.470,1.560,1.380
957,KNM-ER_42703,Kenya,Homo,habilis,4.26804,36.29138,1.440,1.560,1.380
1764,OMO_7-69-19,Ethiopia,Homo,habilis,5.04094,36.01434,1.050,1.050,1.050
1559,OH10,Tanzania,Homo,habilis,-2.98915,35.34811,1.802,1.802,1.802
1563,OH16,Tanzania,Homo,habilis,-2.99067,35.34938,1.802,1.802,1.802
1565,OH21_,Tanzania,Homo,habilis,-2.98915,35.34811,1.802,1.802,1.802
1582,OH4,Tanzania,Homo,habilis,-2.99387,35.35472,1.848,1.848,1.848
1585,OH42,Tanzania,Homo,habilis,-2.99588,35.35441,1.802,1.802,1.802
1595,OH52,Tanzania,Homo,habilis,-2.98111,35.37812,1.848,1.848,1.848
1598,OH55,Tanzania,Homo,habilis,-2.99245,35.34885,1.802,1.802,1.802
1605,OH62,Tanzania,Homo,habilis,-2.98933,35.34841,1.820,1.820,1.820
374,ABD1/P1,Ethiopia,Ardipithecus,kadabba,11.12785,40.22030,6.300,6.300,6.300
375,ALA-VP-2/10,Ethiopia,Ardipithecus,kadabba,10.27472,40.25522,5.655,5.770,5.540
512,ASK-VP-3/160,Ethiopia,Ardipithecus,kadabba,10.30568,40.23332,5.655,5.770,5.540
581,DID-VP-1/80,Ethiopia,Ardipithecus,kadabba,10.38507,40.22721,5.655,5.770,5.540
2133,STD-VP-2/61,Ethiopia,Ardipithecus,kadabba,10.26808,40.30652,5.655,5.770,5.540
378,AME-VP-1/71,Ethiopia,Ardipithecus,kadabba,10.40648,40.45326,5.400,5.600,5.200
711,ESC2/P430,Ethiopia,Ardipithecus,kadabba,11.24129,40.22916,5.400,5.400,5.400
713,ESC3/P50,Ethiopia,Ardipithecus,kadabba,11.24311,40.22806,5.400,5.400,5.400
714,ESC8/P1,Ethiopia,Ardipithecus,kadabba,11.21868,40.23308,5.400,5.400,5.400
1183,KNM-WT_40000,Kenya,Kenyanthropus,platyops,3.90050,35.74000,3.500,3.570,3.400
1132,KNM-WT_16006,Kenya,Kenyanthropus,platyops,3.88348,35.75823,3.350,3.400,3.300
1156,KNM-WT_38343,Kenya,Kenyanthropus,platyops,3.87890,35.75147,3.350,3.500,3.200
1184,KNM-WT_40001,Kenya,Kenyanthropus,platyops,3.86365,35.75373,3.350,3.500,3.200
1115,KNM-LT_23181,Kenya,Kenyanthropus,platyops,2.90000,36.05000,3.300,3.400,3.030
1163,KNM-WT_38350,Kenya,Kenyanthropus,platyops,3.86558,35.75462,3.300,3.400,3.200
1130,KNM-WT_16003,Kenya,Kenyanthropus,platyops,3.86200,35.75387,3.260,3.270,3.250
733,GWM1,Ethiopia,Ardipithecus,ramidus,11.13977,40.32662,4.715,4.799,4.631
739,GWM5M/P55,Ethiopia,Ardipithecus,ramidus,11.14428,40.32063,4.715,4.799,4.631
745,GWM9N/P50,Ethiopia,Ardipithecus,ramidus,11.14082,40.32378,4.715,4.799,4.631
734,GWM10,Ethiopia,Ardipithecus,ramidus,11.12482,40.30187,4.550,4.799,4.300
735,GWM16/P10,Ethiopia,Ardipithecus,ramidus,11.14638,40.31763,4.550,4.799,4.300
379,ARA-VP-1/0,Ethiopia,Ardipithecus,ramidus,10.51587,40.44994,4.400,4.400,4.400
437,ARA-VP-6/1,Ethiopia,Ardipithecus,ramidus,10.47900,40.43767,4.400,4.400,4.400
481,ARA-VP-7/2,Ethiopia,Ardipithecus,ramidus,10.51587,40.44994,4.400,4.400,4.400
736,GWM3/P1,Ethiopia,Ardipithecus,ramidus,11.14355,40.32487,4.397,4.493,4.300
1785,SK_1,South_Africa,Paranthropus,robustus,-26.01730,27.72300,2.220,2.310,2.130
2046,SKX_2003,South_Africa,Paranthropus,robustus,-26.01730,27.72300,2.130,2.310,2.130
2658,SWT1/HR-2,South_Africa,Paranthropus,robustus,-26.01730,27.72300,2.000,2.300,1.700
584,DNH_1,South_Africa,Paranthropus,robustus,-25.98500,27.71000,1.995,2.040,1.950
755,KB_5223,South_Africa,Paranthropus,robustus,-26.01139,27.75000,1.950,2.000,1.600
731,GD_A-2,South_Africa,Paranthropus,robustus,-25.82540,27.84673,1.865,1.950,1.780
752,KB_5063,South_Africa,Paranthropus,robustus,-26.01139,27.75000,1.800,2.000,1.600
760,KB_5522,South_Africa,Paranthropus,robustus,-26.01139,27.75000,1.775,1.950,1.600
1908,SK_8012_a-d,South_Africa,Paranthropus,robustus,-26.01730,27.72300,1.690,2.310,1.070
574,CD17796,South_Africa,Paranthropus,robustus,-26.01278,27.74583,1.463,1.526,1.400
1854,SK_3121,South_Africa,Paranthropus,robustus,-26.01730,27.72300,1.360,1.650,1.070
2676,SWT2/3-1,South_Africa,Paranthropus,robustus,-26.01730,27.72300,1.285,1.500,1.070
2044,SKX_19495,South_Africa,Paranthropus,robustus,-26.01730,27.72300,0.960,1.050,0.870
572,CD1634,South_Africa,Paranthropus,robustus,-26.01278,27.74583,1.400,1.400,1.400
1205,KW_10100,South_Africa,Paranthropus,robustus,-26.01139,27.75000,1.950,1.950,1.950
749,HCRP-MR-1106,Malawi,Homo,rudolfensis,-10.20000,33.60000,2.400,2.500,2.300
798,KNM-ER_1470,Kenya,Homo,rudolfensis,4.15414,36.39709,2.060,2.090,2.030
810,KNM-ER_1482,Kenya,Homo,rudolfensis,4.15414,36.39709,2.035,2.090,1.980
800,KNM-ER_1472,Kenya,Homo,rudolfensis,4.15414,36.39709,1.990,2.090,1.890
809,KNM-ER_1481,Kenya,Homo,rudolfensis,4.15414,36.39709,1.965,1.980,1.950
978,KNM-ER_62000,Kenya,Homo,rudolfensis,4.16626,36.39982,1.930,1.950,1.910
929,KNM-ER_3732,Kenya,Homo,rudolfensis,4.01755,36.36467,1.925,1.980,1.870
979,KNM-ER_62003,Kenya,Homo,rudolfensis,4.18503,36.41261,1.925,1.950,1.900
811,KNM-ER_1483,Kenya,Homo,rudolfensis,4.15414,36.39709,1.900,1.950,1.850
823,KNM-ER_1590,Kenya,Homo,rudolfensis,4.27064,36.30877,1.850,1.850,1.850
972,KNM-ER_60000,Kenya,Homo,rudolfensis,4.07158,36.36094,1.825,1.870,1.780
1025,KNM-ER_813,Kenya,Homo,rudolfensis,3.98128,36.31830,1.780,1.780,1.780
942,KNM-ER_3891,Kenya,Homo,rudolfensis,4.06463,36.36836,1.725,1.850,1.600
1490,MH1,South_Africa,Australopithecus,sediba,-25.89500,27.80139,1.977,1.979,1.976
1493,MH4,South_Africa,Australopithecus,sediba,-25.89500,27.80139,1.879,1.977,1.780
1495,MH6,South_Africa,Australopithecus,sediba,-25.89500,27.80139,1.650,1.780,1.520
2725,TM_266-01-050,Chad,Sahelanthropus,tchadensis,16.25000,17.48333,7.000,7.200,6.800
2724,TM_247-01-02,Chad,Sahelanthropus,tchadensis,16.25000,17.48333,6.500,7.000,6.000
533,BAR_1000'00,Kenya,Orrorin,tugenensis,0.75292,35.87497,6.000,6.000,5.700
780,KNM_BC_1745,Kenya,Orrorin,tugenensis,0.81633,35.86831,4.750,5.000,4.500
